"year","kyoto"
2023,93.2092059211934
2024,92.0376763665868
2025,87.6884782464193
2026,91.3742957904304
2027,91.3977079826667
2028,90.327363930301
2029,89.315197927641
2030,89.8408964462867
2031,90.415071765478
2032,89.5451089569525
